{
  "basepath": "/",
  "url": "https://hoverboard-dev.firebaseapp.com/",
  "analytics": "UA-43643469-8",
  "prefix": "/",
  "firebase": {
    "apiKey": "AIzaSyBu9LI-hY4NfUOPJJKuV3BfQm7edLr2-aE",
    "authDomain": "hoverboard-dev.firebaseapp.com",
    "databaseURL": "https://hoverboard-dev.firebaseio.com",
    "projectId": "hoverboard-dev",
    "storageBucket": "hoverboard-dev.appspot.com",
    "messagingSenderId": "1083195713896"
  },
  "googleMapApiKey": "AIzaSyDWy6O98n-ueoVaYPWRPve23vjm3JP08gw"
}
