{
  "basepath": "/",
  "url": "https://hoverboard-master.firebaseapp.com/",
  "analytics": "UA-43643469-9",
  "prefix": "/",
  "firebase": {
    "apiKey": "AIzaSyCaSkhtHekxAqXXzzbuNs2s6CpGdhZdta8",
    "authDomain": "hoverboard-master.firebaseapp.com",
    "databaseURL": "https://hoverboard-master.firebaseio.com",
    "projectId": "hoverboard-master",
    "storageBucket": "hoverboard-master.appspot.com",
    "messagingSenderId": "516409946568"
  },
  "googleMapApiKey": "AIzaSyDWy6O98n-ueoVaYPWRPve23vjm3JP08gw"
}
